{
  "name": "relengineering-re_bootstrap",
  "version": "0.1.0",
  "author": "relengineering",
  "summary": "",
  "license": "proprietary",
  "source": "",
  "dependencies": [

  ],
  "operatingsystem_support": [
    {
      "operatingsystem": "CentOS",
      "operatingsystemrelease": [
        "7"
      ]
    },
    {
      "operatingsystem": "OracleLinux",
      "operatingsystemrelease": [
        "7"
      ]
    },
    {
      "operatingsystem": "RedHat",
      "operatingsystemrelease": [
        "7"
      ]
    },
    {
      "operatingsystem": "Scientific",
      "operatingsystemrelease": [
        "7"
      ]
    }
  ],
  "requirements": [
    {
      "name": "puppet",
      "version_requirement": ">= 4.10.0 < 7.0.0"
    }
  ],
  "pdk-version": "1.9.0",
  "template-url": "file://C:/Program Files/Puppet Labs/DevelopmentKit/share/cache/pdk-templates.git",
  "template-ref": "1.9.0-0-g7281db5"
}